id,difficulty,question,answer,reference
1,Easy,Who was the first man created by God?,Adam,Genesis 2:7
2,Easy,What did God create on the first day?,Light,Genesis 1:3
3,Easy,Who built an ark to survive the flood?,Noah,Genesis 6:14
4,Easy,What was the name of Abraham’s son?,Isaac,Genesis 21:3
5,Easy,What sign did God give after the flood?,Rainbow,Genesis 9:13
6,Medium,Who interpreted Pharaoh’s dreams about the famine?,Joseph,Genesis 41:15-16
7,Medium,What sea did Moses and the Israelites cross?,Red Sea,Exodus 14:21
8,Medium,Who led the Israelites into the Promised Land?,Joshua,Joshua 1:1-2
9,Medium,What food did God provide in the desert?,Manna,Exodus 16:15
10,Medium,Which woman became queen and saved her people?,Esther,Esther 4:14
11,Hard,Who was the left-handed judge who killed King Eglon?,Ehud,Judges 3:15-21
12,Hard,What prophet saw a vision of a valley of dry bones?,Ezekiel,Ezekiel 37:1-10
13,Hard,Who was the prophet taken to heaven in a whirlwind?,Elijah,2 Kings 2:11
14,Hard,Which apostle survived a snake bite on Malta?,Paul,Acts 28:3-6
15,Hard,Who was the high priest when Samuel was a boy?,Eli,1 Samuel 1:9
16,Easy,Who was the first man created by God?,Adam,Genesis 2:7
17,Easy,What did God create on the first day?,Light,Genesis 1:3
18,Easy,Who built an ark to survive the flood?,Noah,Genesis 6:14
19,Easy,What was the name of Abraham’s son?,Isaac,Genesis 21:3
20,Easy,What sign did God give after the flood?,Rainbow,Genesis 9:13
21,Medium,Who interpreted Pharaoh’s dreams about the famine?,Joseph,Genesis 41:15-16
22,Medium,What sea did Moses and the Israelites cross?,Red Sea,Exodus 14:21
23,Medium,Who led the Israelites into the Promised Land?,Joshua,Joshua 1:1-2
24,Medium,What food did God provide in the desert?,Manna,Exodus 16:15
25,Medium,Which woman became queen and saved her people?,Esther,Esther 4:14
26,Hard,Who was the left-handed judge who killed King Eglon?,Ehud,Judges 3:15-21
27,Hard,What prophet saw a vision of a valley of dry bones?,Ezekiel,Ezekiel 37:1-10
28,Hard,Who was the prophet taken to heaven in a whirlwind?,Elijah,2 Kings 2:11
29,Hard,Which apostle survived a snake bite on Malta?,Paul,Acts 28:3-6
30,Hard,Who was the high priest when Samuel was a boy?,Eli,1 Samuel 1:9
31,Easy,Who was the first man created by God?,Adam,Genesis 2:7
32,Easy,What did God create on the first day?,Light,Genesis 1:3
33,Easy,Who built an ark to survive the flood?,Noah,Genesis 6:14
34,Easy,What was the name of Abraham’s son?,Isaac,Genesis 21:3
35,Easy,What sign did God give after the flood?,Rainbow,Genesis 9:13
36,Medium,Who interpreted Pharaoh’s dreams about the famine?,Joseph,Genesis 41:15-16
37,Medium,What sea did Moses and the Israelites cross?,Red Sea,Exodus 14:21
38,Medium,Who led the Israelites into the Promised Land?,Joshua,Joshua 1:1-2
39,Medium,What food did God provide in the desert?,Manna,Exodus 16:15
40,Medium,Which woman became queen and saved her people?,Esther,Esther 4:14
41,Hard,Who was the left-handed judge who killed King Eglon?,Ehud,Judges 3:15-21
42,Hard,What prophet saw a vision of a valley of dry bones?,Ezekiel,Ezekiel 37:1-10
43,Hard,Who was the prophet taken to heaven in a whirlwind?,Elijah,2 Kings 2:11
44,Hard,Which apostle survived a snake bite on Malta?,Paul,Acts 28:3-6
45,Hard,Who was the high priest when Samuel was a boy?,Eli,1 Samuel 1:9
46,Easy,Who was the first man created by God?,Adam,Genesis 2:7
47,Easy,What did God create on the first day?,Light,Genesis 1:3
48,Easy,Who built an ark to survive the flood?,Noah,Genesis 6:14
49,Easy,What was the name of Abraham’s son?,Isaac,Genesis 21:3
50,Easy,What sign did God give after the flood?,Rainbow,Genesis 9:13
51,Medium,Who interpreted Pharaoh’s dreams about the famine?,Joseph,Genesis 41:15-16
52,Medium,What sea did Moses and the Israelites cross?,Red Sea,Exodus 14:21
53,Medium,Who led the Israelites into the Promised Land?,Joshua,Joshua 1:1-2
54,Medium,What food did God provide in the desert?,Manna,Exodus 16:15
55,Medium,Which woman became queen and saved her people?,Esther,Esther 4:14
56,Hard,Who was the left-handed judge who killed King Eglon?,Ehud,Judges 3:15-21
57,Hard,What prophet saw a vision of a valley of dry bones?,Ezekiel,Ezekiel 37:1-10
58,Hard,Who was the prophet taken to heaven in a whirlwind?,Elijah,2 Kings 2:11
59,Hard,Which apostle survived a snake bite on Malta?,Paul,Acts 28:3-6
60,Hard,Who was the high priest when Samuel was a boy?,Eli,1 Samuel 1:9
61,Easy,Who was the first man created by God?,Adam,Genesis 2:7
62,Easy,What did God create on the first day?,Light,Genesis 1:3
63,Easy,Who built an ark to survive the flood?,Noah,Genesis 6:14
64,Easy,What was the name of Abraham’s son?,Isaac,Genesis 21:3
65,Easy,What sign did God give after the flood?,Rainbow,Genesis 9:13
66,Medium,Who interpreted Pharaoh’s dreams about the famine?,Joseph,Genesis 41:15-16
67,Medium,What sea did Moses and the Israelites cross?,Red Sea,Exodus 14:21
68,Medium,Who led the Israelites into the Promised Land?,Joshua,Joshua 1:1-2
69,Medium,What food did God provide in the desert?,Manna,Exodus 16:15
70,Medium,Which woman became queen and saved her people?,Esther,Esther 4:14
71,Hard,Who was the left-handed judge who killed King Eglon?,Ehud,Judges 3:15-21
72,Hard,What prophet saw a vision of a valley of dry bones?,Ezekiel,Ezekiel 37:1-10
73,Hard,Who was the prophet taken to heaven in a whirlwind?,Elijah,2 Kings 2:11
74,Hard,Which apostle survived a snake bite on Malta?,Paul,Acts 28:3-6
75,Hard,Who was the high priest when Samuel was a boy?,Eli,1 Samuel 1:9
76,Easy,Who was the first man created by God?,Adam,Genesis 2:7
77,Easy,What did God create on the first day?,Light,Genesis 1:3
78,Easy,Who built an ark to survive the flood?,Noah,Genesis 6:14
79,Easy,What was the name of Abraham’s son?,Isaac,Genesis 21:3
80,Easy,What sign did God give after the flood?,Rainbow,Genesis 9:13
81,Medium,Who interpreted Pharaoh’s dreams about the famine?,Joseph,Genesis 41:15-16
82,Medium,What sea did Moses and the Israelites cross?,Red Sea,Exodus 14:21
83,Medium,Who led the Israelites into the Promised Land?,Joshua,Joshua 1:1-2
84,Medium,What food did God provide in the desert?,Manna,Exodus 16:15
85,Medium,Which woman became queen and saved her people?,Esther,Esther 4:14
86,Hard,Who was the left-handed judge who killed King Eglon?,Ehud,Judges 3:15-21
87,Hard,What prophet saw a vision of a valley of dry bones?,Ezekiel,Ezekiel 37:1-10
88,Hard,Who was the prophet taken to heaven in a whirlwind?,Elijah,2 Kings 2:11
89,Hard,Which apostle survived a snake bite on Malta?,Paul,Acts 28:3-6
90,Hard,Who was the high priest when Samuel was a boy?,Eli,1 Samuel 1:9
91,Easy,Who was the first man created by God?,Adam,Genesis 2:7
92,Easy,What did God create on the first day?,Light,Genesis 1:3
93,Easy,Who built an ark to survive the flood?,Noah,Genesis 6:14
94,Easy,What was the name of Abraham’s son?,Isaac,Genesis 21:3
95,Easy,What sign did God give after the flood?,Rainbow,Genesis 9:13
96,Medium,Who interpreted Pharaoh’s dreams about the famine?,Joseph,Genesis 41:15-16
97,Medium,What sea did Moses and the Israelites cross?,Red Sea,Exodus 14:21
98,Medium,Who led the Israelites into the Promised Land?,Joshua,Joshua 1:1-2
99,Medium,What food did God provide in the desert?,Manna,Exodus 16:15
100,Medium,Which woman became queen and saved her people?,Esther,Esther 4:14
101,Hard,Who was the left-handed judge who killed King Eglon?,Ehud,Judges 3:15-21
102,Hard,What prophet saw a vision of a valley of dry bones?,Ezekiel,Ezekiel 37:1-10
103,Hard,Who was the prophet taken to heaven in a whirlwind?,Elijah,2 Kings 2:11
104,Hard,Which apostle survived a snake bite on Malta?,Paul,Acts 28:3-6
105,Hard,Who was the high priest when Samuel was a boy?,Eli,1 Samuel 1:9
106,Easy,Who was the first man created by God?,Adam,Genesis 2:7
107,Easy,What did God create on the first day?,Light,Genesis 1:3
108,Easy,Who built an ark to survive the flood?,Noah,Genesis 6:14
109,Easy,What was the name of Abraham’s son?,Isaac,Genesis 21:3
110,Easy,What sign did God give after the flood?,Rainbow,Genesis 9:13
111,Medium,Who interpreted Pharaoh’s dreams about the famine?,Joseph,Genesis 41:15-16
112,Medium,What sea did Moses and the Israelites cross?,Red Sea,Exodus 14:21
113,Medium,Who led the Israelites into the Promised Land?,Joshua,Joshua 1:1-2
114,Medium,What food did God provide in the desert?,Manna,Exodus 16:15
115,Medium,Which woman became queen and saved her people?,Esther,Esther 4:14
116,Hard,Who was the left-handed judge who killed King Eglon?,Ehud,Judges 3:15-21
117,Hard,What prophet saw a vision of a valley of dry bones?,Ezekiel,Ezekiel 37:1-10
118,Hard,Who was the prophet taken to heaven in a whirlwind?,Elijah,2 Kings 2:11
119,Hard,Which apostle survived a snake bite on Malta?,Paul,Acts 28:3-6
120,Hard,Who was the high priest when Samuel was a boy?,Eli,1 Samuel 1:9
121,Easy,Who was the first man created by God?,Adam,Genesis 2:7
122,Easy,What did God create on the first day?,Light,Genesis 1:3
123,Easy,Who built an ark to survive the flood?,Noah,Genesis 6:14
124,Easy,What was the name of Abraham’s son?,Isaac,Genesis 21:3
125,Easy,What sign did God give after the flood?,Rainbow,Genesis 9:13
126,Medium,Who interpreted Pharaoh’s dreams about the famine?,Joseph,Genesis 41:15-16
127,Medium,What sea did Moses and the Israelites cross?,Red Sea,Exodus 14:21
128,Medium,Who led the Israelites into the Promised Land?,Joshua,Joshua 1:1-2
129,Medium,What food did God provide in the desert?,Manna,Exodus 16:15
130,Medium,Which woman became queen and saved her people?,Esther,Esther 4:14
131,Hard,Who was the left-handed judge who killed King Eglon?,Ehud,Judges 3:15-21
132,Hard,What prophet saw a vision of a valley of dry bones?,Ezekiel,Ezekiel 37:1-10
133,Hard,Who was the prophet taken to heaven in a whirlwind?,Elijah,2 Kings 2:11
134,Hard,Which apostle survived a snake bite on Malta?,Paul,Acts 28:3-6
135,Hard,Who was the high priest when Samuel was a boy?,Eli,1 Samuel 1:9
136,Easy,Who was the first man created by God?,Adam,Genesis 2:7
137,Easy,What did God create on the first day?,Light,Genesis 1:3
138,Easy,Who built an ark to survive the flood?,Noah,Genesis 6:14
139,Easy,What was the name of Abraham’s son?,Isaac,Genesis 21:3
140,Easy,What sign did God give after the flood?,Rainbow,Genesis 9:13
141,Medium,Who interpreted Pharaoh’s dreams about the famine?,Joseph,Genesis 41:15-16
142,Medium,What sea did Moses and the Israelites cross?,Red Sea,Exodus 14:21
143,Medium,Who led the Israelites into the Promised Land?,Joshua,Joshua 1:1-2
144,Medium,What food did God provide in the desert?,Manna,Exodus 16:15
145,Medium,Which woman became queen and saved her people?,Esther,Esther 4:14
146,Hard,Who was the left-handed judge who killed King Eglon?,Ehud,Judges 3:15-21
147,Hard,What prophet saw a vision of a valley of dry bones?,Ezekiel,Ezekiel 37:1-10
148,Hard,Who was the prophet taken to heaven in a whirlwind?,Elijah,2 Kings 2:11
149,Hard,Which apostle survived a snake bite on Malta?,Paul,Acts 28:3-6
150,Hard,Who was the high priest when Samuel was a boy?,Eli,1 Samuel 1:9
151,Easy,Who was the first man created by God?,Adam,Genesis 2:7
152,Easy,What did God create on the first day?,Light,Genesis 1:3
153,Easy,Who built an ark to survive the flood?,Noah,Genesis 6:14
154,Easy,What was the name of Abraham’s son?,Isaac,Genesis 21:3
155,Easy,What sign did God give after the flood?,Rainbow,Genesis 9:13
156,Medium,Who interpreted Pharaoh’s dreams about the famine?,Joseph,Genesis 41:15-16
157,Medium,What sea did Moses and the Israelites cross?,Red Sea,Exodus 14:21
158,Medium,Who led the Israelites into the Promised Land?,Joshua,Joshua 1:1-2
159,Medium,What food did God provide in the desert?,Manna,Exodus 16:15
160,Medium,Which woman became queen and saved her people?,Esther,Esther 4:14
161,Hard,Who was the left-handed judge who killed King Eglon?,Ehud,Judges 3:15-21
162,Hard,What prophet saw a vision of a valley of dry bones?,Ezekiel,Ezekiel 37:1-10
163,Hard,Who was the prophet taken to heaven in a whirlwind?,Elijah,2 Kings 2:11
164,Hard,Which apostle survived a snake bite on Malta?,Paul,Acts 28:3-6
165,Hard,Who was the high priest when Samuel was a boy?,Eli,1 Samuel 1:9
166,Easy,Who was the first man created by God?,Adam,Genesis 2:7
167,Easy,What did God create on the first day?,Light,Genesis 1:3
168,Easy,Who built an ark to survive the flood?,Noah,Genesis 6:14
169,Easy,What was the name of Abraham’s son?,Isaac,Genesis 21:3
170,Easy,What sign did God give after the flood?,Rainbow,Genesis 9:13
171,Medium,Who interpreted Pharaoh’s dreams about the famine?,Joseph,Genesis 41:15-16
172,Medium,What sea did Moses and the Israelites cross?,Red Sea,Exodus 14:21
173,Medium,Who led the Israelites into the Promised Land?,Joshua,Joshua 1:1-2
174,Medium,What food did God provide in the desert?,Manna,Exodus 16:15
175,Medium,Which woman became queen and saved her people?,Esther,Esther 4:14
176,Hard,Who was the left-handed judge who killed King Eglon?,Ehud,Judges 3:15-21
177,Hard,What prophet saw a vision of a valley of dry bones?,Ezekiel,Ezekiel 37:1-10
178,Hard,Who was the prophet taken to heaven in a whirlwind?,Elijah,2 Kings 2:11
179,Hard,Which apostle survived a snake bite on Malta?,Paul,Acts 28:3-6
180,Hard,Who was the high priest when Samuel was a boy?,Eli,1 Samuel 1:9
181,Easy,Who was the first man created by God?,Adam,Genesis 2:7
182,Easy,What did God create on the first day?,Light,Genesis 1:3
183,Easy,Who built an ark to survive the flood?,Noah,Genesis 6:14
184,Easy,What was the name of Abraham’s son?,Isaac,Genesis 21:3
185,Easy,What sign did God give after the flood?,Rainbow,Genesis 9:13
186,Medium,Who interpreted Pharaoh’s dreams about the famine?,Joseph,Genesis 41:15-16
187,Medium,What sea did Moses and the Israelites cross?,Red Sea,Exodus 14:21
188,Medium,Who led the Israelites into the Promised Land?,Joshua,Joshua 1:1-2
189,Medium,What food did God provide in the desert?,Manna,Exodus 16:15
190,Medium,Which woman became queen and saved her people?,Esther,Esther 4:14
191,Hard,Who was the left-handed judge who killed King Eglon?,Ehud,Judges 3:15-21
192,Hard,What prophet saw a vision of a valley of dry bones?,Ezekiel,Ezekiel 37:1-10
193,Hard,Who was the prophet taken to heaven in a whirlwind?,Elijah,2 Kings 2:11
194,Hard,Which apostle survived a snake bite on Malta?,Paul,Acts 28:3-6
195,Hard,Who was the high priest when Samuel was a boy?,Eli,1 Samuel 1:9
196,Easy,Who was the first man created by God?,Adam,Genesis 2:7
197,Easy,What did God create on the first day?,Light,Genesis 1:3
198,Easy,Who built an ark to survive the flood?,Noah,Genesis 6:14
199,Easy,What was the name of Abraham’s son?,Isaac,Genesis 21:3
200,Easy,What sign did God give after the flood?,Rainbow,Genesis 9:13
201,Medium,Who interpreted Pharaoh’s dreams about the famine?,Joseph,Genesis 41:15-16
202,Medium,What sea did Moses and the Israelites cross?,Red Sea,Exodus 14:21
203,Medium,Who led the Israelites into the Promised Land?,Joshua,Joshua 1:1-2
204,Medium,What food did God provide in the desert?,Manna,Exodus 16:15
205,Medium,Which woman became queen and saved her people?,Esther,Esther 4:14
206,Hard,Who was the left-handed judge who killed King Eglon?,Ehud,Judges 3:15-21
207,Hard,What prophet saw a vision of a valley of dry bones?,Ezekiel,Ezekiel 37:1-10
208,Hard,Who was the prophet taken to heaven in a whirlwind?,Elijah,2 Kings 2:11
209,Hard,Which apostle survived a snake bite on Malta?,Paul,Acts 28:3-6
210,Hard,Who was the high priest when Samuel was a boy?,Eli,1 Samuel 1:9
211,Easy,Who was the first man created by God?,Adam,Genesis 2:7
212,Easy,What did God create on the first day?,Light,Genesis 1:3
213,Easy,Who built an ark to survive the flood?,Noah,Genesis 6:14
214,Easy,What was the name of Abraham’s son?,Isaac,Genesis 21:3
215,Easy,What sign did God give after the flood?,Rainbow,Genesis 9:13
216,Medium,Who interpreted Pharaoh’s dreams about the famine?,Joseph,Genesis 41:15-16
217,Medium,What sea did Moses and the Israelites cross?,Red Sea,Exodus 14:21
218,Medium,Who led the Israelites into the Promised Land?,Joshua,Joshua 1:1-2
219,Medium,What food did God provide in the desert?,Manna,Exodus 16:15
220,Medium,Which woman became queen and saved her people?,Esther,Esther 4:14
221,Hard,Who was the left-handed judge who killed King Eglon?,Ehud,Judges 3:15-21
222,Hard,What prophet saw a vision of a valley of dry bones?,Ezekiel,Ezekiel 37:1-10
223,Hard,Who was the prophet taken to heaven in a whirlwind?,Elijah,2 Kings 2:11
224,Hard,Which apostle survived a snake bite on Malta?,Paul,Acts 28:3-6
225,Hard,Who was the high priest when Samuel was a boy?,Eli,1 Samuel 1:9
226,Easy,Who was the first man created by God?,Adam,Genesis 2:7
227,Easy,What did God create on the first day?,Light,Genesis 1:3
228,Easy,Who built an ark to survive the flood?,Noah,Genesis 6:14
229,Easy,What was the name of Abraham’s son?,Isaac,Genesis 21:3
230,Easy,What sign did God give after the flood?,Rainbow,Genesis 9:13
231,Medium,Who interpreted Pharaoh’s dreams about the famine?,Joseph,Genesis 41:15-16
232,Medium,What sea did Moses and the Israelites cross?,Red Sea,Exodus 14:21
233,Medium,Who led the Israelites into the Promised Land?,Joshua,Joshua 1:1-2
234,Medium,What food did God provide in the desert?,Manna,Exodus 16:15
235,Medium,Which woman became queen and saved her people?,Esther,Esther 4:14
236,Hard,Who was the left-handed judge who killed King Eglon?,Ehud,Judges 3:15-21
237,Hard,What prophet saw a vision of a valley of dry bones?,Ezekiel,Ezekiel 37:1-10
238,Hard,Who was the prophet taken to heaven in a whirlwind?,Elijah,2 Kings 2:11
239,Hard,Which apostle survived a snake bite on Malta?,Paul,Acts 28:3-6
240,Hard,Who was the high priest when Samuel was a boy?,Eli,1 Samuel 1:9
241,Easy,Who was the first man created by God?,Adam,Genesis 2:7
242,Easy,What did God create on the first day?,Light,Genesis 1:3
243,Easy,Who built an ark to survive the flood?,Noah,Genesis 6:14
244,Easy,What was the name of Abraham’s son?,Isaac,Genesis 21:3
245,Easy,What sign did God give after the flood?,Rainbow,Genesis 9:13
246,Medium,Who interpreted Pharaoh’s dreams about the famine?,Joseph,Genesis 41:15-16
247,Medium,What sea did Moses and the Israelites cross?,Red Sea,Exodus 14:21
248,Medium,Who led the Israelites into the Promised Land?,Joshua,Joshua 1:1-2
249,Medium,What food did God provide in the desert?,Manna,Exodus 16:15
250,Medium,Which woman became queen and saved her people?,Esther,Esther 4:14
251,Hard,Who was the left-handed judge who killed King Eglon?,Ehud,Judges 3:15-21
252,Hard,What prophet saw a vision of a valley of dry bones?,Ezekiel,Ezekiel 37:1-10
253,Hard,Who was the prophet taken to heaven in a whirlwind?,Elijah,2 Kings 2:11
254,Hard,Which apostle survived a snake bite on Malta?,Paul,Acts 28:3-6
255,Hard,Who was the high priest when Samuel was a boy?,Eli,1 Samuel 1:9
256,Easy,Who was the first man created by God?,Adam,Genesis 2:7
257,Easy,What did God create on the first day?,Light,Genesis 1:3
258,Easy,Who built an ark to survive the flood?,Noah,Genesis 6:14
259,Easy,What was the name of Abraham’s son?,Isaac,Genesis 21:3
260,Easy,What sign did God give after the flood?,Rainbow,Genesis 9:13
261,Medium,Who interpreted Pharaoh’s dreams about the famine?,Joseph,Genesis 41:15-16
262,Medium,What sea did Moses and the Israelites cross?,Red Sea,Exodus 14:21
263,Medium,Who led the Israelites into the Promised Land?,Joshua,Joshua 1:1-2
264,Medium,What food did God provide in the desert?,Manna,Exodus 16:15
265,Medium,Which woman became queen and saved her people?,Esther,Esther 4:14
266,Hard,Who was the left-handed judge who killed King Eglon?,Ehud,Judges 3:15-21
267,Hard,What prophet saw a vision of a valley of dry bones?,Ezekiel,Ezekiel 37:1-10
268,Hard,Who was the prophet taken to heaven in a whirlwind?,Elijah,2 Kings 2:11
269,Hard,Which apostle survived a snake bite on Malta?,Paul,Acts 28:3-6
270,Hard,Who was the high priest when Samuel was a boy?,Eli,1 Samuel 1:9
271,Easy,Who was the first man created by God?,Adam,Genesis 2:7
272,Easy,What did God create on the first day?,Light,Genesis 1:3
273,Easy,Who built an ark to survive the flood?,Noah,Genesis 6:14
274,Easy,What was the name of Abraham’s son?,Isaac,Genesis 21:3
275,Easy,What sign did God give after the flood?,Rainbow,Genesis 9:13
276,Medium,Who interpreted Pharaoh’s dreams about the famine?,Joseph,Genesis 41:15-16
277,Medium,What sea did Moses and the Israelites cross?,Red Sea,Exodus 14:21
278,Medium,Who led the Israelites into the Promised Land?,Joshua,Joshua 1:1-2
279,Medium,What food did God provide in the desert?,Manna,Exodus 16:15
280,Medium,Which woman became queen and saved her people?,Esther,Esther 4:14
281,Hard,Who was the left-handed judge who killed King Eglon?,Ehud,Judges 3:15-21
282,Hard,What prophet saw a vision of a valley of dry bones?,Ezekiel,Ezekiel 37:1-10
283,Hard,Who was the prophet taken to heaven in a whirlwind?,Elijah,2 Kings 2:11
284,Hard,Which apostle survived a snake bite on Malta?,Paul,Acts 28:3-6
285,Hard,Who was the high priest when Samuel was a boy?,Eli,1 Samuel 1:9
286,Easy,Who was the first man created by God?,Adam,Genesis 2:7
287,Easy,What did God create on the first day?,Light,Genesis 1:3
288,Easy,Who built an ark to survive the flood?,Noah,Genesis 6:14
289,Easy,What was the name of Abraham’s son?,Isaac,Genesis 21:3
290,Easy,What sign did God give after the flood?,Rainbow,Genesis 9:13
291,Medium,Who interpreted Pharaoh’s dreams about the famine?,Joseph,Genesis 41:15-16
292,Medium,What sea did Moses and the Israelites cross?,Red Sea,Exodus 14:21
293,Medium,Who led the Israelites into the Promised Land?,Joshua,Joshua 1:1-2
294,Medium,What food did God provide in the desert?,Manna,Exodus 16:15
295,Medium,Which woman became queen and saved her people?,Esther,Esther 4:14
296,Hard,Who was the left-handed judge who killed King Eglon?,Ehud,Judges 3:15-21
297,Hard,What prophet saw a vision of a valley of dry bones?,Ezekiel,Ezekiel 37:1-10
298,Hard,Who was the prophet taken to heaven in a whirlwind?,Elijah,2 Kings 2:11
299,Hard,Which apostle survived a snake bite on Malta?,Paul,Acts 28:3-6
300,Hard,Who was the high priest when Samuel was a boy?,Eli,1 Samuel 1:9
301,Easy,Who was the first man created by God?,Adam,Genesis 2:7
302,Easy,What did God create on the first day?,Light,Genesis 1:3
303,Easy,Who built an ark to survive the flood?,Noah,Genesis 6:14
304,Easy,What was the name of Abraham’s son?,Isaac,Genesis 21:3
305,Easy,What sign did God give after the flood?,Rainbow,Genesis 9:13
306,Medium,Who interpreted Pharaoh’s dreams about the famine?,Joseph,Genesis 41:15-16
307,Medium,What sea did Moses and the Israelites cross?,Red Sea,Exodus 14:21
308,Medium,Who led the Israelites into the Promised Land?,Joshua,Joshua 1:1-2
309,Medium,What food did God provide in the desert?,Manna,Exodus 16:15
310,Medium,Which woman became queen and saved her people?,Esther,Esther 4:14
311,Hard,Who was the left-handed judge who killed King Eglon?,Ehud,Judges 3:15-21
312,Hard,What prophet saw a vision of a valley of dry bones?,Ezekiel,Ezekiel 37:1-10
313,Hard,Who was the prophet taken to heaven in a whirlwind?,Elijah,2 Kings 2:11
314,Hard,Which apostle survived a snake bite on Malta?,Paul,Acts 28:3-6
315,Hard,Who was the high priest when Samuel was a boy?,Eli,1 Samuel 1:9
316,Easy,Who was the first man created by God?,Adam,Genesis 2:7
317,Easy,What did God create on the first day?,Light,Genesis 1:3
318,Easy,Who built an ark to survive the flood?,Noah,Genesis 6:14
319,Easy,What was the name of Abraham’s son?,Isaac,Genesis 21:3
320,Easy,What sign did God give after the flood?,Rainbow,Genesis 9:13
321,Medium,Who interpreted Pharaoh’s dreams about the famine?,Joseph,Genesis 41:15-16
322,Medium,What sea did Moses and the Israelites cross?,Red Sea,Exodus 14:21
323,Medium,Who led the Israelites into the Promised Land?,Joshua,Joshua 1:1-2
324,Medium,What food did God provide in the desert?,Manna,Exodus 16:15
325,Medium,Which woman became queen and saved her people?,Esther,Esther 4:14
326,Hard,Who was the left-handed judge who killed King Eglon?,Ehud,Judges 3:15-21
327,Hard,What prophet saw a vision of a valley of dry bones?,Ezekiel,Ezekiel 37:1-10
328,Hard,Who was the prophet taken to heaven in a whirlwind?,Elijah,2 Kings 2:11
329,Hard,Which apostle survived a snake bite on Malta?,Paul,Acts 28:3-6
330,Hard,Who was the high priest when Samuel was a boy?,Eli,1 Samuel 1:9
331,Easy,Who was the first man created by God?,Adam,Genesis 2:7
332,Easy,What did God create on the first day?,Light,Genesis 1:3
333,Easy,Who built an ark to survive the flood?,Noah,Genesis 6:14
334,Easy,What was the name of Abraham’s son?,Isaac,Genesis 21:3
335,Easy,What sign did God give after the flood?,Rainbow,Genesis 9:13
336,Medium,Who interpreted Pharaoh’s dreams about the famine?,Joseph,Genesis 41:15-16
337,Medium,What sea did Moses and the Israelites cross?,Red Sea,Exodus 14:21
338,Medium,Who led the Israelites into the Promised Land?,Joshua,Joshua 1:1-2
339,Medium,What food did God provide in the desert?,Manna,Exodus 16:15
340,Medium,Which woman became queen and saved her people?,Esther,Esther 4:14
341,Hard,Who was the left-handed judge who killed King Eglon?,Ehud,Judges 3:15-21
342,Hard,What prophet saw a vision of a valley of dry bones?,Ezekiel,Ezekiel 37:1-10
343,Hard,Who was the prophet taken to heaven in a whirlwind?,Elijah,2 Kings 2:11
344,Hard,Which apostle survived a snake bite on Malta?,Paul,Acts 28:3-6
345,Hard,Who was the high priest when Samuel was a boy?,Eli,1 Samuel 1:9
346,Easy,Who was the first man created by God?,Adam,Genesis 2:7
347,Easy,What did God create on the first day?,Light,Genesis 1:3
348,Easy,Who built an ark to survive the flood?,Noah,Genesis 6:14
349,Easy,What was the name of Abraham’s son?,Isaac,Genesis 21:3
350,Easy,What sign did God give after the flood?,Rainbow,Genesis 9:13
351,Medium,Who interpreted Pharaoh’s dreams about the famine?,Joseph,Genesis 41:15-16
352,Medium,What sea did Moses and the Israelites cross?,Red Sea,Exodus 14:21
353,Medium,Who led the Israelites into the Promised Land?,Joshua,Joshua 1:1-2
354,Medium,What food did God provide in the desert?,Manna,Exodus 16:15
355,Medium,Which woman became queen and saved her people?,Esther,Esther 4:14
356,Hard,Who was the left-handed judge who killed King Eglon?,Ehud,Judges 3:15-21
357,Hard,What prophet saw a vision of a valley of dry bones?,Ezekiel,Ezekiel 37:1-10
358,Hard,Who was the prophet taken to heaven in a whirlwind?,Elijah,2 Kings 2:11
359,Hard,Which apostle survived a snake bite on Malta?,Paul,Acts 28:3-6
360,Hard,Who was the high priest when Samuel was a boy?,Eli,1 Samuel 1:9
361,Easy,Who was the first man created by God?,Adam,Genesis 2:7
362,Easy,What did God create on the first day?,Light,Genesis 1:3
363,Easy,Who built an ark to survive the flood?,Noah,Genesis 6:14
364,Easy,What was the name of Abraham’s son?,Isaac,Genesis 21:3
365,Easy,What sign did God give after the flood?,Rainbow,Genesis 9:13
366,Medium,Who interpreted Pharaoh’s dreams about the famine?,Joseph,Genesis 41:15-16
367,Medium,What sea did Moses and the Israelites cross?,Red Sea,Exodus 14:21
368,Medium,Who led the Israelites into the Promised Land?,Joshua,Joshua 1:1-2
369,Medium,What food did God provide in the desert?,Manna,Exodus 16:15
370,Medium,Which woman became queen and saved her people?,Esther,Esther 4:14
371,Hard,Who was the left-handed judge who killed King Eglon?,Ehud,Judges 3:15-21
372,Hard,What prophet saw a vision of a valley of dry bones?,Ezekiel,Ezekiel 37:1-10
373,Hard,Who was the prophet taken to heaven in a whirlwind?,Elijah,2 Kings 2:11
374,Hard,Which apostle survived a snake bite on Malta?,Paul,Acts 28:3-6
375,Hard,Who was the high priest when Samuel was a boy?,Eli,1 Samuel 1:9
376,Easy,Who was the first man created by God?,Adam,Genesis 2:7
377,Easy,What did God create on the first day?,Light,Genesis 1:3
378,Easy,Who built an ark to survive the flood?,Noah,Genesis 6:14
379,Easy,What was the name of Abraham’s son?,Isaac,Genesis 21:3
380,Easy,What sign did God give after the flood?,Rainbow,Genesis 9:13
381,Medium,Who interpreted Pharaoh’s dreams about the famine?,Joseph,Genesis 41:15-16
382,Medium,What sea did Moses and the Israelites cross?,Red Sea,Exodus 14:21
383,Medium,Who led the Israelites into the Promised Land?,Joshua,Joshua 1:1-2
384,Medium,What food did God provide in the desert?,Manna,Exodus 16:15
385,Medium,Which woman became queen and saved her people?,Esther,Esther 4:14
386,Hard,Who was the left-handed judge who killed King Eglon?,Ehud,Judges 3:15-21
387,Hard,What prophet saw a vision of a valley of dry bones?,Ezekiel,Ezekiel 37:1-10
388,Hard,Who was the prophet taken to heaven in a whirlwind?,Elijah,2 Kings 2:11
389,Hard,Which apostle survived a snake bite on Malta?,Paul,Acts 28:3-6
390,Hard,Who was the high priest when Samuel was a boy?,Eli,1 Samuel 1:9
391,Easy,Who was the first man created by God?,Adam,Genesis 2:7
392,Easy,What did God create on the first day?,Light,Genesis 1:3
393,Easy,Who built an ark to survive the flood?,Noah,Genesis 6:14
394,Easy,What was the name of Abraham’s son?,Isaac,Genesis 21:3
395,Easy,What sign did God give after the flood?,Rainbow,Genesis 9:13
396,Medium,Who interpreted Pharaoh’s dreams about the famine?,Joseph,Genesis 41:15-16
397,Medium,What sea did Moses and the Israelites cross?,Red Sea,Exodus 14:21
398,Medium,Who led the Israelites into the Promised Land?,Joshua,Joshua 1:1-2
399,Medium,What food did God provide in the desert?,Manna,Exodus 16:15
400,Medium,Which woman became queen and saved her people?,Esther,Esther 4:14
401,Hard,Who was the left-handed judge who killed King Eglon?,Ehud,Judges 3:15-21
402,Hard,What prophet saw a vision of a valley of dry bones?,Ezekiel,Ezekiel 37:1-10
403,Hard,Who was the prophet taken to heaven in a whirlwind?,Elijah,2 Kings 2:11
404,Hard,Which apostle survived a snake bite on Malta?,Paul,Acts 28:3-6
405,Hard,Who was the high priest when Samuel was a boy?,Eli,1 Samuel 1:9
406,Easy,Who was the first man created by God?,Adam,Genesis 2:7
407,Easy,What did God create on the first day?,Light,Genesis 1:3
408,Easy,Who built an ark to survive the flood?,Noah,Genesis 6:14
409,Easy,What was the name of Abraham’s son?,Isaac,Genesis 21:3
410,Easy,What sign did God give after the flood?,Rainbow,Genesis 9:13
411,Medium,Who interpreted Pharaoh’s dreams about the famine?,Joseph,Genesis 41:15-16
412,Medium,What sea did Moses and the Israelites cross?,Red Sea,Exodus 14:21
413,Medium,Who led the Israelites into the Promised Land?,Joshua,Joshua 1:1-2
414,Medium,What food did God provide in the desert?,Manna,Exodus 16:15
415,Medium,Which woman became queen and saved her people?,Esther,Esther 4:14
416,Hard,Who was the left-handed judge who killed King Eglon?,Ehud,Judges 3:15-21
417,Hard,What prophet saw a vision of a valley of dry bones?,Ezekiel,Ezekiel 37:1-10
418,Hard,Who was the prophet taken to heaven in a whirlwind?,Elijah,2 Kings 2:11
419,Hard,Which apostle survived a snake bite on Malta?,Paul,Acts 28:3-6
420,Hard,Who was the high priest when Samuel was a boy?,Eli,1 Samuel 1:9
421,Easy,Who was the first man created by God?,Adam,Genesis 2:7
422,Easy,What did God create on the first day?,Light,Genesis 1:3
423,Easy,Who built an ark to survive the flood?,Noah,Genesis 6:14
424,Easy,What was the name of Abraham’s son?,Isaac,Genesis 21:3
425,Easy,What sign did God give after the flood?,Rainbow,Genesis 9:13
426,Medium,Who interpreted Pharaoh’s dreams about the famine?,Joseph,Genesis 41:15-16
427,Medium,What sea did Moses and the Israelites cross?,Red Sea,Exodus 14:21
428,Medium,Who led the Israelites into the Promised Land?,Joshua,Joshua 1:1-2
429,Medium,What food did God provide in the desert?,Manna,Exodus 16:15
430,Medium,Which woman became queen and saved her people?,Esther,Esther 4:14
431,Hard,Who was the left-handed judge who killed King Eglon?,Ehud,Judges 3:15-21
432,Hard,What prophet saw a vision of a valley of dry bones?,Ezekiel,Ezekiel 37:1-10
433,Hard,Who was the prophet taken to heaven in a whirlwind?,Elijah,2 Kings 2:11
434,Hard,Which apostle survived a snake bite on Malta?,Paul,Acts 28:3-6
435,Hard,Who was the high priest when Samuel was a boy?,Eli,1 Samuel 1:9
436,Easy,Who was the first man created by God?,Adam,Genesis 2:7
437,Easy,What did God create on the first day?,Light,Genesis 1:3
438,Easy,Who built an ark to survive the flood?,Noah,Genesis 6:14
439,Easy,What was the name of Abraham’s son?,Isaac,Genesis 21:3
440,Easy,What sign did God give after the flood?,Rainbow,Genesis 9:13
441,Medium,Who interpreted Pharaoh’s dreams about the famine?,Joseph,Genesis 41:15-16
442,Medium,What sea did Moses and the Israelites cross?,Red Sea,Exodus 14:21
443,Medium,Who led the Israelites into the Promised Land?,Joshua,Joshua 1:1-2
444,Medium,What food did God provide in the desert?,Manna,Exodus 16:15
445,Medium,Which woman became queen and saved her people?,Esther,Esther 4:14
446,Hard,Who was the left-handed judge who killed King Eglon?,Ehud,Judges 3:15-21
447,Hard,What prophet saw a vision of a valley of dry bones?,Ezekiel,Ezekiel 37:1-10
448,Hard,Who was the prophet taken to heaven in a whirlwind?,Elijah,2 Kings 2:11
449,Hard,Which apostle survived a snake bite on Malta?,Paul,Acts 28:3-6
450,Hard,Who was the high priest when Samuel was a boy?,Eli,1 Samuel 1:9
451,Easy,Who was the first man created by God?,Adam,Genesis 2:7
452,Easy,What did God create on the first day?,Light,Genesis 1:3
453,Easy,Who built an ark to survive the flood?,Noah,Genesis 6:14
454,Easy,What was the name of Abraham’s son?,Isaac,Genesis 21:3
455,Easy,What sign did God give after the flood?,Rainbow,Genesis 9:13
456,Medium,Who interpreted Pharaoh’s dreams about the famine?,Joseph,Genesis 41:15-16
457,Medium,What sea did Moses and the Israelites cross?,Red Sea,Exodus 14:21
458,Medium,Who led the Israelites into the Promised Land?,Joshua,Joshua 1:1-2
459,Medium,What food did God provide in the desert?,Manna,Exodus 16:15
460,Medium,Which woman became queen and saved her people?,Esther,Esther 4:14
461,Hard,Who was the left-handed judge who killed King Eglon?,Ehud,Judges 3:15-21
462,Hard,What prophet saw a vision of a valley of dry bones?,Ezekiel,Ezekiel 37:1-10
463,Hard,Who was the prophet taken to heaven in a whirlwind?,Elijah,2 Kings 2:11
464,Hard,Which apostle survived a snake bite on Malta?,Paul,Acts 28:3-6
465,Hard,Who was the high priest when Samuel was a boy?,Eli,1 Samuel 1:9
466,Easy,Who was the first man created by God?,Adam,Genesis 2:7
467,Easy,What did God create on the first day?,Light,Genesis 1:3
468,Easy,Who built an ark to survive the flood?,Noah,Genesis 6:14
469,Easy,What was the name of Abraham’s son?,Isaac,Genesis 21:3
470,Easy,What sign did God give after the flood?,Rainbow,Genesis 9:13
471,Medium,Who interpreted Pharaoh’s dreams about the famine?,Joseph,Genesis 41:15-16
472,Medium,What sea did Moses and the Israelites cross?,Red Sea,Exodus 14:21
473,Medium,Who led the Israelites into the Promised Land?,Joshua,Joshua 1:1-2
474,Medium,What food did God provide in the desert?,Manna,Exodus 16:15
475,Medium,Which woman became queen and saved her people?,Esther,Esther 4:14
476,Hard,Who was the left-handed judge who killed King Eglon?,Ehud,Judges 3:15-21
477,Hard,What prophet saw a vision of a valley of dry bones?,Ezekiel,Ezekiel 37:1-10
478,Hard,Who was the prophet taken to heaven in a whirlwind?,Elijah,2 Kings 2:11
479,Hard,Which apostle survived a snake bite on Malta?,Paul,Acts 28:3-6
480,Hard,Who was the high priest when Samuel was a boy?,Eli,1 Samuel 1:9
481,Easy,Who was the first man created by God?,Adam,Genesis 2:7
482,Easy,What did God create on the first day?,Light,Genesis 1:3
483,Easy,Who built an ark to survive the flood?,Noah,Genesis 6:14
484,Easy,What was the name of Abraham’s son?,Isaac,Genesis 21:3
485,Easy,What sign did God give after the flood?,Rainbow,Genesis 9:13
486,Medium,Who interpreted Pharaoh’s dreams about the famine?,Joseph,Genesis 41:15-16
487,Medium,What sea did Moses and the Israelites cross?,Red Sea,Exodus 14:21
488,Medium,Who led the Israelites into the Promised Land?,Joshua,Joshua 1:1-2
489,Medium,What food did God provide in the desert?,Manna,Exodus 16:15
490,Medium,Which woman became queen and saved her people?,Esther,Esther 4:14
491,Hard,Who was the left-handed judge who killed King Eglon?,Ehud,Judges 3:15-21
492,Hard,What prophet saw a vision of a valley of dry bones?,Ezekiel,Ezekiel 37:1-10
493,Hard,Who was the prophet taken to heaven in a whirlwind?,Elijah,2 Kings 2:11
494,Hard,Which apostle survived a snake bite on Malta?,Paul,Acts 28:3-6
495,Hard,Who was the high priest when Samuel was a boy?,Eli,1 Samuel 1:9
496,Easy,Who was the first man created by God?,Adam,Genesis 2:7
497,Easy,What did God create on the first day?,Light,Genesis 1:3
498,Easy,Who built an ark to survive the flood?,Noah,Genesis 6:14
499,Easy,What was the name of Abraham’s son?,Isaac,Genesis 21:3
500,Easy,What sign did God give after the flood?,Rainbow,Genesis 9:13
